{
    "metadata": {
        "timestamp": "2023-11-20_10:15:46",
        "description": "Design parameters for the pump."
    },
    "volumePerMinuteTarget": {
        "value": 50.0,
        "unit": "cubic meters per minute",
        "comment": "Desired volume throughput of the pump"
    },
    "parameters": {
        "length unit": "millimeters",
        "calculated radius": 414.35852,
        "calculated depth": 828.71704,
        "calculated teethDiameter": 103.58963,
        "casing thickness": 20.71792597434523,
        "x position (center of upper gear)": 0,
        "y position (center of upper gear)": 0,
        "angle speed": 7.896481292976131,
        "mass unit": "kg",
        "pump mass": 0,
        "pump material": "Aluminium",
        "pump density": 2700,
        "density unit": "kg pr cubic meter"
    }
}